rank,exam,code,family,family_as_scored,status,tier,band,total,demand,gap,source,rules,stability,partner,search,verdict,report
1,Scrum.org PSM I,,Scrum & Kanban (open guides),Scrum Guide,Build,A,head,30,5,4,5,4,5,3,4,Build first,long tail: agile-business
2,IRS Enrolled Agent (SEE),"Test window 1 Jul 2026–28 Feb 2027, law as amended to 31 Dec 2025",US tax,US tax,Build,A,medium,29,3,5,5,5,3,4,4,"Best fit. Public-domain law, no curriculum licence, no free Anki deck exists.",first pass: finance
3,ISTQB Certified Tester Foundation Level (CTFL v4.0.1),,Software testing & requirements,Software testing,Build,A,head,29,5,4,5,4,4,4,3,,long tail: data-dev-health-other
4,Kubernetes & Cloud Native Associate,KCNA,Kubernetes & CNCF,CNCF-K8s,Build,A,medium,29,3,4,5,5,4,4,4,Build first (prior score kept),long tail: cloud-platform
5,CCSP (ISC2),Outline eff. 1 Aug 2026,ISC2 / NIST,NIST security,Build,A,medium,28,3,5,4,4,5,3,4,Build.,long tail: security-privacy
6,Certified Kubernetes Administrator,CKA (K8s v1.35),Kubernetes & CNCF,CNCF-K8s,Build,A,medium,28,3,4,5,5,3,4,4,Build (prior),long tail: cloud-platform
7,Certified Kubernetes Application Developer,CKAD (K8s v1.35),Kubernetes & CNCF,CNCF-K8s,Build,A,medium,28,3,4,5,5,3,5,3,Build (prior),long tail: cloud-platform
8,Certified Kubernetes Security Specialist,CKS (exam K8s v1.35; curriculum PDF v1.34),Kubernetes & CNCF,CNCF-K8s,Build,A,long tail,28,2,5,4,5,3,4,5,Build (prior),long tail: cloud-platform
9,Designing Azure Infrastructure Solutions,AZ-305,Microsoft,MS-Azure,Build,A,medium,28,3,5,4,4,4,3,5,Build (prior),long tail: cloud-platform
10,FAA Remote Pilot / Part 107 (UAG),,FAA aviation,FAA-Airman-ACS,Build,A,head,28,5,3,4,4,4,3,5,,long tail: government-public
11,"FCC Amateur Technician (Element 2, 2026–2030 pool)",,FCC radio,FCC-Amateur (NCVEC pool),Build,A,medium,28,4,3,5,5,4,3,4,,long tail: government-public
12,FINRA SIE,"75 scored questions, pass 70",Securities (FINRA/NASAA/MSRB),Securities (FINRA/NASAA),Build,A,head,28,5,4,5,4,4,3,3,Pair with Series 7 (co-requisite). Its free decks are stale.,first pass: finance
13,FINRA Series 7,Content outline © 2021 FINRA; pretest items cut Oct 2025,Securities (FINRA/NASAA/MSRB),Securities (FINRA/NASAA),Build,A,head,28,5,4,5,4,4,3,3,Highest finance flashcard demand. Content is public FINRA/SEC/MSRB rules.,first pass: finance
14,Kubernetes & Cloud Native Security Associate,KCSA,Kubernetes & CNCF,CNCF-K8s,Build,A,long tail,28,2,4,5,5,4,4,4,Build with KCNA,long tail: cloud-platform
15,Prometheus Certified Associate,PCA,Kubernetes & CNCF,CNCF-projects,Build,A,long tail,28,2,4,5,5,4,4,4,Build (cheap add-on),long tail: cloud-platform
16,US Civics test (2025 version) *(not a certification),,Public-list (civics),Public-list (civics),Build,A,head,28,5,2,5,5,3,3,5,,long tail: government-public
17,CIPP/E (IAPP),"BoK v1.3.3, eff. 1 Sep 2025",Privacy (IAPP),Privacy law,Build,A,long tail,27,2,5,5,4,4,3,4,Build.,long tail: security-privacy
18,Certified Argo Project Associate,CAPA,Kubernetes & CNCF,CNCF-projects,Build,A,long tail,27,1,4,5,5,4,4,4,Next (cheap add-on),long tail: cloud-platform
19,"EPA Section 608 (Core, Type I/II/III, Universal)",,Government safety & trades,Trades-Environmental (EPA),Build,A,medium,27,4,3,4,4,4,3,5,,long tail: government-public
20,FAA Instrument Rating Airplane (IRA),,FAA aviation,FAA-Airman-ACS,Build,A,medium,27,4,4,4,4,4,3,4,,long tail: government-public
21,FAA Private Pilot Airplane (PAR),,FAA aviation,FAA-Airman-ACS,Build,A,head,27,5,3,4,4,4,3,4,,long tail: government-public
22,"FCC Amateur General (Element 3, 2023–2027 pool)",,FCC radio,FCC-Amateur (NCVEC pool),Build,A,medium,27,4,3,5,5,3,3,4,,long tail: government-public
23,FEMA ICS/NIMS IS-100.c / IS-200.c / IS-700.b / IS-800.d,,Government safety & trades,FEMA-NIMS/ICS,Build,A,medium,27,3,4,5,4,4,3,4,,long tail: government-public
24,FINRA Series 24,"150 items, pass 70; outline © 2023",Securities (FINRA/NASAA/MSRB),FINRA principal,Build,A,medium,27,3,4,5,4,4,3,4,,long tail: finance-regulatory
25,FINRA Series 9/10,"S9 55 / S10 145 items, pass 70/70; outline © 2020",Securities (FINRA/NASAA/MSRB),FINRA principal,Build,A,medium,27,3,4,5,4,4,3,4,,long tail: finance-regulatory
26,GitHub Foundations,GH-900,GitHub,GitHub,Build,A,medium,27,3,4,5,4,4,3,4,Build,long tail: cloud-platform
27,IRS VITA/TCE Link & Learn certification (Basic/Advanced),annual; six certification courses,US tax,US tax (IRS pubs),Build,A,long tail,27,2,4,5,5,3,4,4,,long tail: finance-regulatory
28,Istio Certified Associate,ICA,Kubernetes & CNCF,CNCF-projects,Build,A,long tail,27,2,4,5,5,3,4,4,Next,long tail: cloud-platform
29,"KCS v6 Fundamentals (Consortium for Service Innovation), a niche",,IT service,IT service,Build,A,long tail,27,1,5,5,4,5,3,4,,long tail: data-dev-health-other
30,NASAA Series 65,NASAA spec update June 2023; pass 92/130,Securities (FINRA/NASAA/MSRB),Securities (FINRA/NASAA),Build,A,medium,27,4,4,5,4,4,3,3,Uniform Securities Act plus investment basics. Active r/Series65 flashcard threads.,first pass: finance
31,NMLS SAFE MLO Test,"120 items (115 scored); spec ""As of April 5, 2021""; 53% first-time pass (to 31 Dec 2024)",US consumer finance & banking,US consumer-finance regs,Build,A,medium,27,4,4,5,4,4,3,3,,long tail: finance-regulatory
32,OpenTelemetry Certified Associate,OTCA,Kubernetes & CNCF,CNCF-projects,Build,A,long tail,27,1,4,5,5,4,4,4,Next (cheap add-on),long tail: cloud-platform
33,ProKanban PK I (Professional Kanban I),,Scrum & Kanban (open guides),Kanban Guide (CC BY-SA),Build,A,long tail,27,2,5,5,4,4,3,4,"Build: cheap, open source, empty niche",long tail: agile-business
34,Scrum.org PSPO I,,Scrum & Kanban (open guides),Scrum Guide,Build,A,medium,27,4,4,4,4,5,3,3,Build first,long tail: agile-business
35,Azure Administrator,AZ-104,Microsoft,MS-Azure,Build,B,head,26,5,3,4,4,4,3,3,Next (prior),long tail: cloud-platform
36,CAS Exam 5 (Basic Ratemaking and Estimating Claim Liabilities),,Actuarial (SOA/CAS),Actuarial (CAS),Build,B,medium,26,3,4,4,4,4,4,3,,long tail: data-dev-health-other
37,CC (ISC2),Outline eff. 1 Sep 2026,ISC2 / NIST,NIST security,Build,B,medium,26,3,4,5,4,4,3,3,Build.,long tail: security-privacy
38,CIPP/US (IAPP),"BoK v2.6.1, eff. 1 Sep 2025",Privacy (IAPP),Privacy law,Build,B,long tail,26,2,5,5,4,3,3,4,Build.,long tail: security-privacy
39,CISSP (ISC2),Outline eff. 15 Apr 2024,ISC2 / NIST,NIST security,Build,B,head,26,5,3,4,4,3,4,3,Build.,long tail: security-privacy
40,Certified Backstage Associate,CBA,Kubernetes & CNCF,CNCF-projects,Build,B,long tail,26,1,4,4,5,4,4,4,Next (add-on),long tail: cloud-platform
41,Certified GitOps Associate,CGOA,Kubernetes & CNCF,CNCF-projects,Build,B,long tail,26,1,4,4,5,4,4,4,Next (add-on),long tail: cloud-platform
42,Cilium Certified Associate,CCA,Kubernetes & CNCF,CNCF-projects,Build,B,long tail,26,1,4,4,5,4,4,4,Next (add-on),long tail: cloud-platform
43,Cloud Digital Leader,CDL (new guide 2026-08-12),Google Cloud,Google,Build,B,long tail,26,2,5,4,4,4,2,5,Next (prior),long tail: cloud-platform
44,Designing and Implementing Microsoft DevOps Solutions,AZ-400,Microsoft,MS-Azure,Build,B,medium,26,3,4,4,4,4,3,4,Next,long tail: cloud-platform
45,FAA Aviation Mechanic General / Airframe / Powerplant (3 decks),,FAA aviation,FAA-AMT-ACS,Build,B,medium,26,4,4,4,4,4,3,3,,long tail: government-public
46,"FCC Amateur Extra (Element 4, 2024–2028 pool)",,FCC radio,FCC-Amateur (NCVEC pool),Build,B,medium,26,3,3,5,5,4,3,3,,long tail: government-public
47,FINRA Series 6,"50 items, pass 70; outline ©2020",Securities (FINRA/NASAA/MSRB),FINRA rep,Build,B,medium,26,3,4,5,4,4,3,3,,long tail: finance-regulatory
48,GitHub Actions,GH-200,GitHub,GitHub,Build,B,long tail,26,2,4,5,4,4,3,4,Next,long tail: cloud-platform
49,IREB CPRE Foundation Level (syllabus v3.3.0),,Software testing & requirements,Software engineering,Build,B,long tail,26,2,5,5,4,3,3,4,,long tail: data-dev-health-other
50,Kyverno Certified Associate,KCA,Kubernetes & CNCF,CNCF-projects,Build,B,long tail,26,1,4,4,5,4,4,4,Next (add-on),long tail: cloud-platform
51,NASAA Series 63,Same 2023 update; pass 43/60,Securities (FINRA/NASAA/MSRB),Securities (FINRA/NASAA),Build,B,medium,26,3,4,5,4,4,3,3,"Small, pure state law. Build it inside the Series 66 deck.",first pass: finance
52,NASAA Series 66,Same 2023 update; pass 73/100,Securities (FINRA/NASAA/MSRB),Securities (FINRA/NASAA),Build,B,medium,26,3,4,5,4,4,3,3,Cheap add-on once the Series 63 and 65 cards exist.,first pass: finance
53,SOA Exam FAM (Fundamentals of Actuarial Mathematics),,Actuarial (SOA/CAS),Actuarial,Build,B,medium,26,3,5,3,4,4,4,3,,long tail: data-dev-health-other
54,SOA Exam P,,Actuarial (SOA/CAS),Actuarial,Build,B,medium,26,3,3,4,4,5,4,3,,long tail: data-dev-health-other
55,SOA Exam SRM (Statistics for Risk Modeling),,Actuarial (SOA/CAS),Actuarial / stats,Build,B,medium,26,3,4,4,4,4,4,3,,long tail: data-dev-health-other
56,SSCP (ISC2),Outline eff. 1 Oct 2025,ISC2 / NIST,NIST security,Build,B,long tail,26,2,5,4,4,4,2,5,Build.,long tail: security-privacy
57,Scrum.org PSM II,,Scrum & Kanban (open guides),Scrum Guide (advanced tag),Build,B,medium,26,3,5,3,4,5,3,3,Build as advanced subdeck,long tail: agile-business
58,State insurance: Life & Health producer (national general + state supplement),TX outlines effective 1 Sep 2026; FL effective 1 Jan 2026,State insurance,State insurance,Build,B,head,26,5,4,4,4,3,3,3,,long tail: finance-regulatory
59,Administering Azure SQL Solutions,DP-300,Microsoft,MS-Data,Build,B,long tail,25,2,4,4,4,4,3,4,Next,long tail: cloud-platform
60,Azure AI Fundamentals,AI-901,Microsoft,MS-AI,Build,B,medium,25,3,5,4,4,2,3,4,Later (prior),long tail: cloud-platform
61,Azure Data Fundamentals,DP-900,Microsoft,MS-Data,Build,B,long tail,25,2,4,4,4,4,3,4,Next (prior),long tail: cloud-platform
62,Azure Fundamentals,AZ-900,Microsoft,MS-Azure,Build,B,medium,25,4,3,4,4,4,3,3,Next (prior),long tail: cloud-platform
63,Azure Networking Solutions,AZ-700,Microsoft,MS-Azure,Build,B,long tail,25,2,4,4,4,4,3,4,Next,long tail: cloud-platform
64,"CAS Exam 6U (Regulation and Financial Reporting, US)",,Actuarial (SOA/CAS),Actuarial (CAS),Build,B,medium,25,4,3,4,4,3,4,3,,long tail: data-dev-health-other
65,CAS Exam MAS-I,,Actuarial (SOA/CAS),Actuarial (CAS),Build,B,medium,25,3,4,3,4,4,4,3,,long tail: data-dev-health-other
66,CCSK v5 (CSA),"Guidance v5, released 15 Jul 2024, updated 26 Aug 2025",Cloud Security Alliance,Cloud / zero trust,Build,B,medium,25,3,4,4,4,4,3,3,CSA's default licence expressly allows explanatory works. The exam is open-book.,long tail: security-privacy
67,CCZT (CSA),nv,Cloud Security Alliance,Cloud / zero trust,Build,B,long tail,25,1,5,5,4,4,3,3,NIST 800-207 and CISA sources are public domain; no demand data.,long tail: security-privacy
68,CGRC (ISC2),Outline eff. 15 Jun 2024,ISC2 / NIST,NIST security (RMF),Build,B,medium,25,3,4,5,4,3,3,3,"Best new find. It is NIST 800-37/53 almost end to end, and Reddit shows people making their own RMF flashcards.",long tail: security-privacy
69,CPA REG (+ TCP),Blueprints effective 1 Jan 2026; H.R. 1 testing notice,US tax,US tax,Build,B,medium,25,4,4,5,3,3,3,3,The tax-law half of the CPA. The IRC is public domain and no deck exists.,first pass: finance
70,Cloud Native Platform Engineering Associate,CNPA,Kubernetes & CNCF,CNCF-projects,Build,B,long tail,25,1,4,4,5,3,4,4,Later,long tail: cloud-platform
71,FAA Commercial Pilot Airplane (CAX),,FAA aviation,FAA-Airman-ACS,Build,B,medium,25,4,4,4,4,4,2,3,,long tail: government-public
72,FAA Flight Instructor Airplane + FOI + CFII (FIA / FOI / FII),,FAA aviation,FAA-Airman-ACS,Build,B,medium,25,4,4,4,4,4,2,3,,long tail: government-public
73,FINRA Series 14,"110 items, pass 70; © 2021",Securities (FINRA/NASAA/MSRB),FINRA principal,Build,B,long tail,25,1,5,5,4,4,2,4,,long tail: finance-regulatory
74,FINRA Series 26,"110 items, pass 70; © 2024",Securities (FINRA/NASAA/MSRB),FINRA principal,Build,B,long tail,25,2,4,5,4,4,2,4,,long tail: finance-regulatory
75,FINRA Series 27,"145 items, pass 69; © 2024",Securities (FINRA/NASAA/MSRB),FINRA FinOp,Build,B,long tail,25,2,4,5,4,4,2,4,,long tail: finance-regulatory
76,FINRA Series 4,"125 items, pass 72; © 2021",Securities (FINRA/NASAA/MSRB),FINRA principal,Build,B,long tail,25,2,4,5,4,4,2,4,,long tail: finance-regulatory
77,FINRA Series 57,"50 items, pass 70; © 2024",Securities (FINRA/NASAA/MSRB),FINRA rep,Build,B,long tail,25,2,4,5,4,4,2,4,,long tail: finance-regulatory
78,FINRA Series 99,"50 items, pass 68; © 2020",Securities (FINRA/NASAA/MSRB),FINRA rep,Build,B,long tail,25,2,4,5,4,4,2,4,,long tail: finance-regulatory
79,ISACA CISM,New outline eff. 3 Nov 2026,ISACA,ISACA,Partnership first,,medium,25,4,5,3,2,4,3,4,Large base and a new outline in six weeks; ISACA's terms ban using its content as AI input.,first pass: security
80,ISTQB Advanced (CTAL-TA / TM / TTA),,Software testing & requirements,Software testing,Build,B,long tail,25,2,5,4,4,3,3,4,,long tail: data-dev-health-other
81,LPI Linux Essentials,010-160 (v1.6),LPI,LPI,Build,B,long tail,25,2,4,2,4,4,5,4,Next (partner-first),long tail: cloud-platform
82,NREMT EMT,,EMS,EMS,Build,B,head,25,5,4,2,3,4,4,3,,long tail: data-dev-health-other
83,Professional Cloud Architect,PCA (Google),Google Cloud,Google,Build,B,long tail,25,2,5,4,4,3,2,5,Next (prior),long tail: cloud-platform
84,SOA Exam ALTAM,,Actuarial (SOA/CAS),Actuarial,Build,B,long tail,25,2,5,3,4,4,4,3,,long tail: data-dev-health-other
85,SOA Exam FM,,Actuarial (SOA/CAS),Actuarial,Build,B,medium,25,3,3,4,4,4,4,3,,long tail: data-dev-health-other
86,Scrum Alliance CSM,,Scrum & Kanban (open guides),Scrum Guide (tag),Build,B,medium,25,3,3,5,4,5,2,3,Tag on PSM deck,long tail: agile-business
87,Scrum.org PAL-EBM,,Scrum & Kanban (open guides),EBM Guide (CC BY-SA) + Scrum Guide,Build,B,long tail,25,1,5,5,4,4,2,4,"Build: small, fully open source",long tail: agile-business
88,Scrum.org PSPO II,,Scrum & Kanban (open guides),Scrum Guide (advanced tag),Build,B,long tail,25,2,5,3,4,5,3,3,Build as advanced subdeck,long tail: agile-business
89,State insurance: Property & Casualty (incl. Personal Lines),TX 1 Sep 2026,State insurance,State insurance,Build,B,medium,25,4,4,4,4,3,3,3,,long tail: finance-regulatory
90,ABA CRCM,next window 1–19 Dec 2026,US consumer finance & banking,US consumer-finance regs,Build,B,long tail,24,2,4,5,3,4,2,4,,long tail: finance-regulatory
91,AIGP (IAPP),"BoK v2.1, eff. 2 Feb 2026",Privacy (IAPP),Privacy / AI governance,Build,B,medium,24,3,4,4,4,3,3,3,"Open sources (EU AI Act, NIST AI RMF); fast-moving law.",long tail: security-privacy
92,ASQ CSSGB (+ generic LSS GB),,Quality & Six Sigma,Lean Six Sigma,Build,B,long tail,24,2,4,3,4,5,2,4,Build,long tail: agile-business
93,Azure Virtual Desktop,AZ-140,Microsoft,MS-Azure,Build,B,long tail,24,1,4,4,4,4,3,4,Later,long tail: cloud-platform
94,CIPT (IAPP),BoK v4.0.0,Privacy (IAPP),Privacy,Build,B,long tail,24,2,5,3,4,4,3,3,,long tail: security-privacy
95,Certified Cloud Native Platform Engineer,CNPE,Kubernetes & CNCF,CNCF-projects,Build,B,long tail,24,1,4,4,5,2,4,4,Later,long tail: cloud-platform
96,CompTIA CySA+,"CS0-004 (V4, launched 23 Jun 2026)",CompTIA,CompTIA,Partnership first,,medium,24,3,5,4,1,4,3,4,"No free V4 deck found, but CompTIA's policy on AI-made and free materials is the blocker.",first pass: security
97,"DOT Hazmat employee training (49 CFR 172 Subpart H) *(employer testing, no national exam)",,Government safety & trades,DOT-Transport,Build,B,long tail,24,2,4,5,5,4,2,2,,long tail: government-public
98,FINRA Series 22,"50 items, pass 70; © 2020",Securities (FINRA/NASAA/MSRB),FINRA rep,Build,B,long tail,24,1,4,5,4,4,2,4,,long tail: finance-regulatory
99,FINRA Series 23,"100 items, pass 70; © 2023",Securities (FINRA/NASAA/MSRB),FINRA principal,Build,B,long tail,24,1,4,5,4,4,2,4,,long tail: finance-regulatory
100,FINRA Series 28,"95 items, pass 69; © 2024",Securities (FINRA/NASAA/MSRB),FINRA FinOp,Build,B,long tail,24,1,4,5,4,4,2,4,,long tail: finance-regulatory
101,FINRA Series 39,"100 items, pass 70; © 2020",Securities (FINRA/NASAA/MSRB),FINRA principal,Build,B,long tail,24,1,4,5,4,4,2,4,,long tail: finance-regulatory
102,FINRA Series 79,"75 items, pass 73; outline © 2025 (2025-10 file)",Securities (FINRA/NASAA/MSRB),FINRA rep,Build,B,medium,24,3,3,4,4,4,3,3,,long tail: finance-regulatory
103,FINRA Series 82,"50 items, pass 70; © 2020",Securities (FINRA/NASAA/MSRB),FINRA rep,Build,B,long tail,24,1,4,5,4,4,2,4,,long tail: finance-regulatory
104,GSEC (GIAC),Version from 6 Apr 2026,GIAC,GIAC,Build,B,long tail,24,1,5,4,3,4,2,5,,long tail: security-privacy
105,GitHub Administration (Enterprise Administrator),GH-100,GitHub,GitHub,Build,B,long tail,24,1,4,5,4,3,3,4,Later,long tail: cloud-platform
106,GitHub Advanced Security,GH-500,GitHub,GitHub,Build,B,long tail,24,2,3,5,4,3,3,4,Next,long tail: cloud-platform
107,GitHub Copilot,GH-300,GitHub,GitHub,Build,B,long tail,24,2,4,5,4,2,3,4,Next,long tail: cloud-platform
108,IRS AFSP (AFTR course with test),annual,US tax,US tax,Build,B,long tail,24,2,4,5,4,2,3,4,,long tail: finance-regulatory
109,ISSEP (ISC2),Outline eff. 1 Aug 2025,ISC2 / NIST,NIST security,Build,B,long tail,24,1,4,5,4,5,2,3,"Empty niche, small audience; cheap once the NIST family exists.",long tail: security-privacy
110,Identity and Access Administrator,SC-300,Microsoft,MS-Security,Build,B,long tail,24,2,4,3,4,4,3,4,Later,long tail: cloud-platform
111,LPIC-1,101-500 + 102-500 (v5.0),LPI,LPI,Build,B,medium,24,3,3,2,4,4,5,3,Next (partner-first),long tail: cloud-platform
112,MSRB Series 52,"75 items, 70%",Securities (FINRA/NASAA/MSRB),MSRB,Build,B,long tail,24,2,4,5,3,4,2,4,,long tail: finance-regulatory
113,NCEES FE (Fundamentals of Engineering),,Engineering,Engineering,Build,B,medium,24,4,4,3,3,4,3,3,,long tail: data-dev-health-other
114,NREMT EMR,,EMS,EMS,Build,B,long tail,24,2,5,2,3,4,4,4,,long tail: data-dev-health-other
115,"OSHA Outreach 10/30 (Construction, General Industry, Maritime) *(course card, not a certification exam)",,Government safety & trades,Trades-Safety (OSHA standards),Build,B,medium,24,4,3,3,4,4,2,4,,long tail: government-public
116,Power BI Data Analyst,PL-300,Microsoft,MS-Data,Build,B,long tail,24,2,4,3,4,4,3,4,Later,long tail: cloud-platform
117,Power Platform Fundamentals,PL-900,Microsoft,MS-PowerDyn,Build,B,long tail,24,2,4,3,4,4,3,4,Later,long tail: cloud-platform
118,SOA Exam ASTAM,,Actuarial (SOA/CAS),Actuarial,Build,B,long tail,24,1,5,3,4,4,4,3,,long tail: data-dev-health-other
119,Scrum.org PAL-E (PAL I),,Scrum & Kanban (open guides),Scrum Guide + EBM Guide,Build,B,long tail,24,2,5,3,4,5,2,3,Build as subdeck,long tail: agile-business
120,Scrum.org PSK I,,Scrum & Kanban (open guides),Scrum Guide + Kanban Guide,Build,B,long tail,24,2,4,4,4,4,2,4,Build with PK I,long tail: agile-business
121,"Security, Compliance, and Identity Fundamentals",SC-900,Microsoft,MS-Security,Build,B,medium,24,3,4,3,4,3,3,4,Next,long tail: cloud-platform
122,Terraform Associate,004 (Terraform 1.12),HashiCorp,HashiCorp,Build,B,medium,24,3,4,3,3,3,4,4,Build if resourced (prior),long tail: cloud-platform
123,AI Business Professional,AB-730,Microsoft,MS-AI,Build,C,long tail,23,2,4,3,4,3,3,4,Later,long tail: cloud-platform
124,AI Transformation Leader,AB-731,Microsoft,MS-AI,Build,C,long tail,23,2,4,3,4,3,3,4,Later,long tail: cloud-platform
125,ASQ CMQ/OE (2026 BoK),,Quality & Six Sigma,ASQ quality core,Build,C,long tail,23,2,5,3,4,4,1,4,"Build: fresh BoK, empty niche",long tail: agile-business
126,ASQ CQA (2026 BoK),,Quality & Six Sigma,ASQ quality core,Build,C,long tail,23,2,5,3,4,4,1,4,"Build: fresh BoK, empty niche",long tail: agile-business
127,Administering Windows Server,"AZ-802 (replaces AZ-800/801, which retire 2026-09-30)",Microsoft,MS-Azure,Build,C,long tail,23,1,4,4,4,3,3,4,Later,long tail: cloud-platform
128,Azure for SAP Workloads,AZ-120,Microsoft,MS-Azure,Build,C,long tail,23,1,4,4,4,4,2,4,Later,long tail: cloud-platform
129,CAS Exam MAS-II,,Actuarial (SOA/CAS),Actuarial (CAS),Build,C,long tail,23,2,4,3,4,4,3,3,,long tail: data-dev-health-other
130,"CDL General Knowledge (+ Air Brakes, Combination, HazMat endorsement)",,Government safety & trades,DOT-Transport,Build,C,head,23,5,2,3,2,4,2,5,,long tail: government-public
131,CEH (EC-Council),312-50 v13,EC-Council,EC-Council,Build,C,medium,23,3,4,4,3,3,2,4,,long tail: security-privacy
132,CFP,"2021 Principal Knowledge Topics (effective 2022); March 2026 = record 4,391",Financial planning,Financial planning,Build,C,medium,23,4,3,3,3,4,3,3,Good demand. Trademark rules are strict and paid supply is crowded.,first pass: finance
133,CIPM (IAPP),BoK v4.2.0,Privacy (IAPP),Privacy,Build,C,long tail,23,2,5,2,4,4,3,3,,long tail: security-privacy
134,CIPP/AU (IAPP),"BoK v1.0, eff. 30 Jun 2026; first sitting Dec 2026",Privacy (IAPP),Privacy law,Build,C,long tail,23,1,5,3,4,5,2,3,"Launch window: online exam ""early in 2027"".",long tail: security-privacy
135,CIPP/C (IAPP),"BoK v3.1.0, eff. 1 Sep 2025",Privacy (IAPP),Privacy law,Build,C,long tail,23,1,5,4,4,4,2,3,Federal law is free to reproduce under an Order (see evidence).,long tail: security-privacy
136,Developing AI Apps and Agents on Azure,AI-103,Microsoft,MS-AI,Build,C,medium,23,3,4,3,4,2,3,4,Later,long tail: cloud-platform
137,FAA Airline Transport Pilot Multiengine (ATM),,FAA aviation,FAA-Airman-ACS,Build,C,medium,23,3,3,4,4,4,2,3,,long tail: government-public
138,FINRA Series 86/87,"S86 85 / S87 50 items, pass 73/74; revised 2023",Securities (FINRA/NASAA/MSRB),FINRA rep,Build,C,long tail,23,2,4,3,4,4,2,4,,long tail: finance-regulatory
139,FRM Part I,2026 Learning Objectives; revised annually,FRM,FRM,Build,C,medium,23,3,5,2,3,3,3,4,No AnkiWeb deck at all. The sources are GARP/Pearson books.,first pass: finance
140,GCIH (GIAC),106 Q / 4 h / 69%,GIAC,GIAC,Build,C,long tail,23,2,5,4,3,4,2,3,"Largest GIAC deck signal (one 2023 post), but the exam is open-book.",long tail: security-privacy
141,GitLab certifications (catalogue not captured),n/a,GitLab,GitLab,Build,C,long tail,23,1,4,5,3,3,3,4,Verify catalogue first,long tail: cloud-platform
142,IASSC Lean Six Sigma Black Belt,,Quality & Six Sigma,Lean Six Sigma,Partnership first,,long tail,23,2,5,3,3,4,2,4,Build inside LSS family,long tail: agile-business
143,IASSC Lean Six Sigma Green Belt,,Quality & Six Sigma,Lean Six Sigma,Partnership first,,long tail,23,2,4,3,3,5,2,4,Tag on CSSGB deck,long tail: agile-business
144,ISACA CISA,"150 questions, 5 domains (outline date nv)",ISACA,ISACA,Partnership first,,medium,23,4,4,3,2,3,3,4,"Largest audit base; the supply is Etsy, Gumroad and one 2024 Reddit giveaway. ISACA terms are restrictive.",first pass: security
145,ISED Canada Basic amateur qualification *(open for non-commercial use),,FCC radio,FCC-Amateur (intl),Build,C,medium,23,3,3,4,3,4,3,3,,long tail: government-public
146,ISSAP (ISC2),Outline eff. 1 Aug 2025,ISC2 / NIST,NIST security,Build,C,long tail,23,1,4,4,4,5,2,3,As ISSEP.,long tail: security-privacy
147,Implementing Analytics Solutions Using Fabric,DP-600,Microsoft,MS-Data,Build,C,long tail,23,2,4,3,4,3,3,4,Later,long tail: cloud-platform
148,Implementing Data Engineering Solutions Using Fabric,DP-700,Microsoft,MS-Data,Build,C,long tail,23,2,4,3,4,3,3,4,Later,long tail: cloud-platform
149,LF Certified System Administrator,LFCS,LF-other/Linux,LF-other/Linux,Skip or wait,,long tail,23,1,5,2,4,3,3,5,Skip for now (prior),long tail: cloud-platform
150,LPI DevOps Tools Engineer,701-200 (v2.0; v1.0 ended 2026-06-30),LPI,LPI,Build,C,long tail,23,1,4,2,4,3,5,4,Later,long tail: cloud-platform
151,LPI Open Source Essentials,050,LPI,LPI,Build,C,long tail,23,1,4,2,4,3,5,4,Later,long tail: cloud-platform
152,LPI Security Essentials,(code not captured),LPI,LPI,Build,C,long tail,23,1,4,2,4,3,5,4,Later,long tail: cloud-platform
153,LPI Web Development Essentials,(code not captured),LPI,LPI,Build,C,long tail,23,1,4,2,4,3,5,4,Later,long tail: cloud-platform
154,MSRB Series 50 / 54 / 53,100 items each; 71% / 70% / 70%,Securities (FINRA/NASAA/MSRB),MSRB,Build,C,long tail,23,1,4,5,3,4,2,4,,long tail: finance-regulatory
155,Managing Microsoft Teams,MS-700,Microsoft,MS-365,Build,C,long tail,23,1,4,3,4,4,3,4,Later,long tail: cloud-platform
156,Managing and Securing M365 Endpoints (Intune),MD-102,Microsoft,MS-365,Build,C,long tail,23,1,4,3,4,4,3,4,Later,long tail: cloud-platform
157,NFA Series 3,"120 items, 70%",NFA/CFTC,NFA/CFTC,Build,C,long tail,23,2,4,4,3,4,2,4,,long tail: finance-regulatory
158,NREMT AEMT,,EMS,EMS,Build,C,long tail,23,2,5,2,3,3,4,4,,long tail: data-dev-health-other
159,PTCB CPhT (PTCE),,Pharmacy,Pharmacy,Build,C,medium,23,3,4,4,2,4,3,3,,first pass: data-actuarial-health
160,Python Institute PCAP-31-03 (new version due Q3 2026),,Programming,Programming,Build,C,long tail,23,2,4,5,3,2,3,4,,long tail: data-dev-health-other
161,Python Institute PCEP-30-02 (new version due Q3 2026),,Programming,Programming,Build,C,long tail,23,2,4,5,3,2,3,4,,long tail: data-dev-health-other
162,SAS Base Programming Specialist (A00-231),,Data / programming,Data / programming,Build,C,long tail,23,2,5,3,3,4,2,4,,long tail: data-dev-health-other
163,Scrum Alliance CSPO,,Scrum & Kanban (open guides),Scrum Guide (tag),Not a deck target,,long tail,23,2,3,4,4,5,2,3,Tag on PSPO deck (no exam seen),long tail: agile-business
164,Scrum.org PSD I,,Scrum & Kanban (open guides),Scrum Guide + engineering practices,Build,C,long tail,23,2,4,3,4,5,2,3,Later,long tail: agile-business
165,Scrum.org SPS,,Scrum & Kanban (open guides),"Nexus (© Scrum.org, not open)",Build,C,long tail,23,2,5,2,3,5,2,4,"Later, in paraphrase only",long tail: agile-business
166,Security Operations Analyst,SC-200,Microsoft,MS-Security,Build,C,long tail,23,2,4,3,4,3,3,4,Later,long tail: cloud-platform
167,ARRT Radiography (content spec implemented 2022),,Allied health,Allied health,Build,C,medium,22,3,4,2,3,4,3,3,,long tail: data-dev-health-other
168,ASQ CQE,,Quality & Six Sigma,ASQ quality core,Build,C,long tail,22,2,4,3,4,5,1,3,Build in family,long tail: agile-business
169,ASQ CRE (2025 BoK),,Quality & Six Sigma,ASQ quality core,Build,C,long tail,22,1,5,3,4,4,1,4,Later,long tail: agile-business
170,ASQ CSSBB,,Quality & Six Sigma,Lean Six Sigma,Build,C,long tail,22,2,4,3,4,5,1,3,Build in family,long tail: agile-business
171,Administering Information Security in M365,SC-401,Microsoft,MS-Security,Build,C,long tail,22,1,4,3,4,3,3,4,Later,long tail: cloud-platform
172,Agentic AI Business Solutions Architect,AB-100,Microsoft,MS-AI,Build,C,long tail,22,1,4,3,4,3,3,4,Later,long tail: cloud-platform
173,Associate Data Practitioner,-,Google Cloud,Google,Build,C,long tail,22,1,4,4,4,3,2,4,Later,long tail: cloud-platform
174,Building AI Applications with Azure Cosmos DB,DP-420,Microsoft,MS-Data,Build,C,long tail,22,1,4,3,4,3,3,4,Later,long tail: cloud-platform
175,CAS Exam 7,,Actuarial (SOA/CAS),Actuarial (CAS),Build,C,long tail,22,2,3,3,4,4,3,3,,long tail: data-dev-health-other
176,CIA (IIA),2025 three-part syllabus,Audit (IIA),Audit (IIA),Build,C,long tail,22,2,4,2,3,4,3,4,The Global Internal Audit Standards are copyrighted. Low visible demand.,first pass: finance
177,CIPP/A (IAPP),"BoK v2.0.0, eff. 14 Jul 2025",Privacy (IAPP),Privacy law,Build,C,long tail,22,1,5,3,4,4,2,3,"Singapore, Hong Kong and India law reuse terms not verified.",long tail: security-privacy
178,CMA (IMA),LOS effective 1 Sep 2024; CBQs from Sep/Oct 2026,Accounting bodies,Accounting bodies,Build,C,medium,22,3,4,3,3,3,3,3,Moderate. The IMA site blocked scripted reads.,first pass: finance
179,CMMC CCP (ISACA as CAICO),Domains on isaca.org,NIST / CMMC,NIST / CMMC,Partnership first,,medium,22,3,4,5,3,2,2,3,"Sources are all public, but the programme is in flux (ISACA took over; DoW reform RFI).",long tail: security-privacy
180,CMS Introductory Sommelier,,Wine,Wine,Build,C,medium,22,4,3,2,3,4,3,3,,long tail: data-dev-health-other
181,CSSLP (ISC2),Outline eff. 15 Sep 2023,ISC2 / NIST,NIST security,Build,C,long tail,22,2,4,4,4,2,3,3,A refresh is likely due (inference); 52-star notes repo is a partner lead.,long tail: security-privacy
182,CWSP (CWNP),"CWSP-208, Dec 2025; next 31 Dec 2028",Wireless,Wireless,Build,C,long tail,22,1,5,3,3,5,2,3,Stable but tiny.,long tail: security-privacy
183,California Notary Public exam (state; a model for other states),,Legal support,Legal support,Build,C,long tail,22,2,4,4,4,3,2,3,,long tail: data-dev-health-other
184,Certified Kubernetes Network Engineer,CKNE (beta closed),Kubernetes & CNCF,CNCF-K8s,Skip or wait,,long tail,22,1,4,3,5,1,4,4,Wait,long tail: cloud-platform
185,Collaboration Communications Systems Engineer,MS-721,Microsoft,MS-365,Build,C,long tail,22,1,4,3,4,4,2,4,Later,long tail: cloud-platform
186,CompTIA A+,220-1201 / 220-1202 (V15),CompTIA,CompTIA,Partnership first,,medium,22,4,3,3,1,4,4,3,"Big and stable, but crowded and under CompTIA rules.",first pass: security
187,CompTIA Network+,N10-009 (V9),CompTIA,CompTIA,Partnership first,,medium,22,4,3,4,1,3,4,3,"RFC-sourceable, but crowded and under CompTIA rules.",first pass: security
188,Confluent Certified Developer for Apache Kafka,CCDAK,Kafka,Kafka,Build,C,long tail,22,2,4,4,3,3,2,4,Later,long tail: cloud-platform
189,Copilot and Agent Administration Fundamentals,AB-900,Microsoft,MS-365,Build,C,long tail,22,2,3,3,4,3,3,4,Later,long tail: cloud-platform
190,CyberOps Associate (Cisco),CBROPS 200-201 v1.1,Cisco,Cisco,Partnership first,,medium,22,3,3,4,3,3,3,3,Some supply exists; Cisco docs not reusable.,long tail: security-privacy
191,Cybersecurity Architect,SC-100,Microsoft,MS-Security,Build,C,long tail,22,1,4,3,4,3,3,4,Later,long tail: cloud-platform
192,D365 Business Central Developer,MB-820,Microsoft,MS-PowerDyn,Build,C,long tail,22,1,4,3,4,4,2,4,Later,long tail: cloud-platform
193,D365 Business Central Functional Consultant,MB-800,Microsoft,MS-PowerDyn,Build,C,long tail,22,1,4,3,4,4,2,4,Later,long tail: cloud-platform
194,D365 Customer Service Functional Consultant,MB-230,Microsoft,MS-PowerDyn,Build,C,long tail,22,1,4,3,4,4,2,4,Later,long tail: cloud-platform
195,D365 Finance Functional Consultant,MB-310,Microsoft,MS-PowerDyn,Build,C,long tail,22,1,4,3,4,4,2,4,Later,long tail: cloud-platform
196,D365 Finance and Operations Apps Developer,MB-500,Microsoft,MS-PowerDyn,Build,C,long tail,22,1,4,3,4,4,2,4,Later,long tail: cloud-platform
197,Data Engineering Solutions Using Azure Databricks,DP-750,Microsoft,MS-Data,Skip (terms forbid derivative use),,long tail,22,1,4,3,4,3,3,4,Later,long tail: cloud-platform
198,Developing AI Cloud Solutions on Azure,AI-200,Microsoft,MS-AI,Build,C,long tail,22,2,4,3,4,2,3,4,Later,long tail: cloud-platform
199,Developing AI-Enabled Database Solutions,DP-800,Microsoft,MS-Data,Build,C,long tail,22,1,4,3,4,3,3,4,Later,long tail: cloud-platform
200,End-to-End Security Controls for Cloud and AI,SC-500,Microsoft,MS-Security,Build,C,long tail,22,2,4,3,4,2,3,4,Later,long tail: cloud-platform
201,FAA Aircraft Dispatcher,,FAA aviation,FAA-Airman-ACS,Build,C,long tail,22,2,4,4,4,4,2,2,,long tail: government-public
202,FAA Ground Instructor (Basic / Advanced / Instrument),,FAA aviation,FAA-Airman-ACS,Build,C,long tail,22,2,4,4,4,4,2,2,,long tail: government-public
203,FAA Inspection Authorization (IA),,FAA aviation,FAA-AMT-ACS,Build,C,long tail,22,2,4,4,4,4,2,2,,long tail: government-public
204,FAA Private Pilot Helicopter,,FAA aviation,FAA-Airman-ACS,Build,C,long tail,22,2,4,4,4,4,2,2,,long tail: government-public
205,FCC GROL (Elements 1 + 3),,FCC radio,FCC-Commercial,Build,C,medium,22,3,4,3,4,3,2,3,,long tail: government-public
206,FINRA Series 16,"2×50 items, pass 72/74",Securities (FINRA/NASAA/MSRB),FINRA principal,Build,C,long tail,22,1,4,3,4,4,2,4,,long tail: finance-regulatory
207,FRM Part II,2026 LOs,FRM,FRM,Build,C,long tail,22,2,5,2,3,3,3,4,"As Part I, with less demand.",first pass: finance
208,GPEN / GCIA / GFACT (GIAC),82 Q / 3 h (GPEN),GIAC,GIAC,Build,C,long tail,22,1,5,4,3,4,2,3,Open-book; no demand signal.,long tail: security-privacy
209,Generative AI Leader,-,Google Cloud,Google,Build,C,long tail,22,2,4,4,4,2,2,4,Later,long tail: cloud-platform
210,IASSC Lean Six Sigma Yellow Belt,,Quality & Six Sigma,Lean Six Sigma,Partnership first,,long tail,22,2,4,3,3,4,2,4,Tag in LSS family,long tail: agile-business
211,ISSMP (ISC2),Outline eff. 1 Aug 2025,ISC2 / NIST,NIST security,Build,C,long tail,22,1,4,3,4,5,2,3,Management content with fewer open sources.,long tail: security-privacy
212,ISTQB CTAL-AT v2.0 (Agile Tester),,ISTQB syllabus,ISTQB syllabus,Skip or wait,,long tail,22,1,5,4,4,2,2,4,Wait: just released,long tail: agile-business
213,Joint Board Enrolled Actuary exams,exam programme exists (IRS page); details not fetched,US pension law,US pension law,Build,C,long tail,22,1,4,4,4,3,2,4,,long tail: finance-regulatory
214,LPI BSD Specialist,702,LPI,LPI,Skip or wait,,long tail,22,1,4,2,4,3,4,4,Skip for now,long tail: cloud-platform
215,LPIC-2,201 + 202,LPI,LPI,Build,C,long tail,22,1,4,2,4,3,4,4,Later,long tail: cloud-platform
216,LPIC-3 (Mixed Env / Security / Virtualization / HA),300 / 303 / 305 / 306,LPI,LPI,Build,C,long tail,22,1,4,2,4,3,4,4,Later,long tail: cloud-platform
217,MSRB Series 51,"60 items, 70%",Securities (FINRA/NASAA/MSRB),MSRB,Build,C,long tail,22,1,4,5,3,4,1,4,,long tail: finance-regulatory
218,NCRA RPR Written Knowledge Test (court reporter),,Legal support,Legal support,Build,C,long tail,22,1,5,2,3,4,3,4,,long tail: data-dev-health-other
219,NREMT Paramedic,,EMS,EMS,Build,C,head,22,5,2,2,3,4,4,2,,long tail: data-dev-health-other
220,Neo4j Certified Professional,free exam,Neo4j,Neo4j,Build,C,long tail,22,1,4,3,3,4,3,4,Later,long tail: cloud-platform
221,Oracle Database SQL (1Z0-071),,Programming / data,Programming / data,Build,C,long tail,22,2,4,3,3,4,2,4,,long tail: data-dev-health-other
222,Oracle Java SE 21 Developer (1Z0-830); Java SE 17 (1Z0-829) as a tag,,Programming,Programming,Build,C,long tail,22,2,4,3,3,4,2,4,,long tail: data-dev-health-other
223,Professional Cloud Database Engineer,-,Google Cloud,Google,Build,C,long tail,22,1,4,4,4,3,2,4,Later,long tail: cloud-platform
224,Professional Cloud DevOps Engineer,-,Google Cloud,Google,Build,C,long tail,22,1,4,4,4,3,2,4,Later,long tail: cloud-platform
225,Professional Cloud Developer,-,Google Cloud,Google,Build,C,long tail,22,1,4,4,4,3,2,4,Later,long tail: cloud-platform
226,Professional Cloud Network Engineer,-,Google Cloud,Google,Build,C,long tail,22,1,4,4,4,3,2,4,Later,long tail: cloud-platform
227,Professional Cloud Security Engineer,-,Google Cloud,Google,Build,C,long tail,22,1,4,4,4,3,2,4,Later,long tail: cloud-platform
228,Professional Data Engineer,-,Google Cloud,Google,Build,C,long tail,22,1,4,4,4,3,2,4,Later,long tail: cloud-platform
229,Professional Security Operations Engineer,-,Google Cloud,Google,Build,C,long tail,22,1,4,4,4,3,2,4,Later,long tail: cloud-platform
230,SOA Exam PA (Predictive Analytics),,Actuarial (SOA/CAS),Actuarial / stats,Build,C,long tail,22,2,4,3,4,3,3,3,,long tail: data-dev-health-other
231,Scrum.org PSPBM,,Scrum & Kanban (open guides),Scrum Guide (Product Backlog),Build,C,long tail,22,1,5,3,4,5,1,3,Tag on PSPO deck,long tail: agile-business
232,Scrum.org PSU I,,Scrum & Kanban (open guides),Scrum Guide + Lean UX,Build,C,long tail,22,1,5,2,4,5,1,4,Low priority,long tail: agile-business
233,State insurance: adjuster licences,TX All Lines adjuster,State insurance,State insurance,Build,C,long tail,22,2,4,4,4,3,2,3,,long tail: finance-regulatory
234,Vault Associate,003,HashiCorp,HashiCorp,Build,C,long tail,22,2,4,3,3,3,3,4,Later,long tail: cloud-platform
235,ABA CAFP,active,AML,AML,Build,C,long tail,21,1,4,4,3,3,2,4,,long tail: finance-regulatory
236,ASQ CMDA (2026 BoK),,Quality & Six Sigma,ASQ regulated,Build,C,long tail,21,1,5,3,4,4,1,3,Later,long tail: agile-business
237,ASQ CPGP (2023 BoK),,Quality & Six Sigma,ASQ regulated,Build,C,long tail,21,1,5,3,4,4,1,3,Later,long tail: agile-business
238,ASQ CQI (2025 BoK),,Quality & Six Sigma,ASQ quality core,Build,C,long tail,21,1,5,3,4,4,1,3,Later,long tail: agile-business
239,ASQ CQIA,,Quality & Six Sigma,ASQ quality core,Build,C,long tail,21,1,5,3,4,4,1,3,Later,long tail: agile-business
240,ASQ CQPA (2026 BoK),,Quality & Six Sigma,ASQ quality core,Build,C,long tail,21,1,5,3,4,4,1,3,Later,long tail: agile-business
241,ASQ CQT (2024 BoK),,Quality & Six Sigma,ASQ quality core,Build,C,long tail,21,1,5,3,4,4,1,3,Later,long tail: agile-business
242,ASQ CSQE (2023 BoK),,Quality & Six Sigma,ASQ quality core,Build,C,long tail,21,1,5,3,4,4,1,3,Later,long tail: agile-business
243,AWS Certified Data Engineer Associate,DEA-C01,AWS,AWS,Build,C,long tail,21,2,3,2,4,4,3,3,Later (only AWS gap),long tail: cloud-platform
244,AWS Solutions Architect Associate,SAA-C03,AWS,AWS,Skip or wait,,head,21,5,1,2,4,4,3,2,Skip: highest demand but AWSomecards (free) + Brainscape + Crucial + many AnkiWeb decks; AWS docs not open,first pass: cloud
245,Administering M365 and AI Services,AB-650 (beta),Microsoft,MS-365,Skip or wait,,long tail,21,1,4,3,4,2,3,4,Wait,long tail: cloud-platform
246,Associate Cloud Engineer,ACE,Google Cloud,Google,Build,C,long tail,21,2,3,4,4,3,2,3,Later (prior),long tail: cloud-platform
247,Building Intelligent Applications,AB-410,Microsoft,MS-AI,Build,C,long tail,21,1,4,3,4,2,3,4,Later,long tail: cloud-platform
248,CFA Level II,"2027 curriculum, from Feb 2027",CFA,CFA,Partnership first,,medium,21,4,4,2,1,4,3,3,"Demand is real, but LOS use is restricted. Partnership-first.",first pass: finance
249,CMMC CCA,,NIST / CMMC,NIST / CMMC,Partnership first,,long tail,21,1,5,5,3,2,2,3,A tag on the CCP deck.,long tail: security-privacy
250,CMS Certified Sommelier,,Wine,Wine,Build,C,medium,21,3,3,2,3,4,3,3,,long tail: data-dev-health-other
251,CPA AUD,Blueprints 2026 (SQMS refs),CPA,CPA,Build,C,medium,21,3,4,2,3,3,3,3,"AICPA standards are copyrighted, so sourcing is harder.",first pass: finance
252,CPA FAR,Blueprints 2026,CPA,CPA,Build,C,medium,21,4,3,3,3,3,3,2,The biggest CPA section. The FASB ASC is free to read but licensed; Becker dominates.,first pass: finance
253,CPA disciplines BAR / ISC,Blueprints 2026,CPA,CPA,Build,C,long tail,21,2,4,3,3,3,3,3,Thin demand signal (TCP is grouped with REG in this report because it is tax).,first pass: finance
254,CRISC (ISACA),,US tax,Partnership-first,Partnership first,,long tail,21,2,5,3,2,3,2,4,,long tail: security-privacy
255,CWNA (CWNP),CWNA-109 → CWNA-110 (Sep 2026),Wireless,Wireless,Build,C,long tail,21,1,5,3,3,4,2,3,Build only for 110; its objectives were not fetched.,long tail: security-privacy
256,Confluent Certified Administrator for Apache Kafka,CCAAK,Kafka,Kafka,Build,C,long tail,21,1,4,4,3,3,2,4,Later,long tail: cloud-platform
257,D365 Supply Chain Management Functional Consultant,MB-330,Microsoft,MS-PowerDyn,Build,C,long tail,21,1,4,3,4,3,2,4,Later,long tail: cloud-platform
258,ENCOR (Cisco),"350-401, version nv",Cisco,Cisco,Partnership first,,medium,21,3,4,3,3,3,2,3,,long tail: security-privacy
259,Extending Power Platform with Code and AI,AB-400,Microsoft,MS-PowerDyn,Skip or wait,,long tail,21,1,4,3,4,2,3,4,Wait,long tail: cloud-platform
260,GCFA / GICSP / GSLC (GIAC),82–115 Q / 3 h,GIAC,GIAC,Build,C,long tail,21,1,5,3,3,4,2,3,Notes only.,long tail: security-privacy
261,GitHub Certified: Agentic AI Developer,GH-600,GitHub,GitHub,Build,C,long tail,21,2,3,4,4,2,3,3,Later,long tail: cloud-platform
262,HRCI PHR (with SPHR),,HR,HR,Build,C,long tail,21,2,3,3,3,4,2,4,,first pass: project-business
263,Integrated AI Agent Solutions in Copilot Studio,AB-620,Microsoft,MS-AI,Build,C,long tail,21,1,4,3,4,2,3,4,Later,long tail: cloud-platform
264,LF Certified IT Associate,LFCA,LF-other,LF-other,Build,C,long tail,21,1,4,2,4,3,3,4,Later,long tail: cloud-platform
265,NALA Certified Paralegal (CP),,Legal support,Legal support,Build,C,long tail,21,2,4,2,3,3,3,4,,long tail: data-dev-health-other
266,NATE HVAC Core/Specialty; lightly researched,,Government safety & trades,Trades,Build,C,long tail,21,2,4,2,3,3,3,4,,long tail: data-dev-health-other
267,NCHEC CHES (Certified Health Education Specialist),,Allied health,Allied health,Build,C,long tail,21,1,5,2,3,3,3,4,,long tail: data-dev-health-other
268,NFA Series 30 / 31 / 32 / 34,35–50 items,NFA/CFTC,NFA/CFTC,Build,C,long tail,21,1,4,4,3,4,1,4,,long tail: finance-regulatory
269,NHA Certified Phlebotomy Technician (CPT),,Allied health,Allied health,Build,C,medium,21,3,4,2,3,3,3,3,,long tail: data-dev-health-other
270,Operationalizing ML and GenAI Solutions,AI-300,Microsoft,MS-AI,Build,C,long tail,21,1,4,3,4,2,3,4,Later,long tail: cloud-platform
271,PCAP Certified Associate in Python Programming,PCAP-31-03,PythonInst,PythonInst,Build,C,long tail,21,2,4,3,3,3,2,4,Later,long tail: cloud-platform
272,PMI PMP (2026 ECO),,PMI,PMI,Partnership first,,head,21,5,3,2,2,3,4,2,,first pass: project-business
273,Professional Machine Learning Engineer,-,Google Cloud,Google,Build,C,long tail,21,1,4,4,4,2,2,4,Later,long tail: cloud-platform
274,PyTorch Certified Associate,PTCA,LF-other,LF-other,Build,C,long tail,21,1,4,2,4,3,3,4,Later,long tail: cloud-platform
275,Scrum.org PSM III,,Scrum & Kanban (open guides),Scrum Guide,Skip or wait,,long tail,21,1,5,2,4,5,2,2,Skip: essay exam,long tail: agile-business
276,ServSafe Manager (Food Protection Manager),,Food safety,Food safety,Build,C,long tail,21,2,3,5,3,3,3,2,,first pass: data-actuarial-health
277,Terraform Authoring and Operations Advanced,(Professional-level; code not captured),HashiCorp,HashiCorp,Build,C,long tail,21,1,4,3,3,3,3,4,Later,long tail: cloud-platform
278,USCG OUPV / Master (≤100 GT),,USCG-Merchant-Mariner,USCG-Merchant-Mariner,Build,C,medium,21,3,4,2,3,3,2,4,,long tail: government-public
279,WSET Level 2 / Level 3 Award in Wines,,Wine,Wine,Build,C,head,21,5,2,2,3,4,3,2,,first pass: data-actuarial-health
280,AAMA CMA (medical assistant); lightly researched,,Medical assisting,Medical assisting,Build,C,medium,20,3,3,2,3,3,3,3,,first pass: data-actuarial-health
281,ACAMS CAMS,"120 MCQ, 3.5 h; 65k+ certified",AML,AML,Build,C,medium,20,4,2,3,3,3,2,3,,long tail: finance-regulatory
282,ACCA,Syllabus Sep 2026–Jun 2027; new qualification from Jul/Sep 2027,Accounting bodies,Accounting bodies,Skip or wait,,medium,20,4,2,3,3,1,4,3,Wait for the 2027 structure. OpenTuition already gives free flashcards.,first pass: finance
283,ASCP BOC Phlebotomy Technician (PBT); mostly not verified,,Allied health,Allied health,Build,C,long tail,20,2,4,2,3,3,3,3,,long tail: data-dev-health-other
284,ASE A-series (A1–A8); not verified (site 403),,Government safety & trades,Trades,Build,C,medium,20,3,4,2,3,3,3,2,,long tail: data-dev-health-other
285,ASQ CCQM (2024 BoK),,Quality & Six Sigma,ASQ quality core,Build,C,long tail,20,1,5,2,4,4,1,3,Later,long tail: agile-business
286,ASQ CCT (2024 BoK),,Quality & Six Sigma,ASQ quality core,Build,C,long tail,20,1,5,2,4,4,1,3,Later,long tail: agile-business
287,ASQ CSQP (2023 BoK),,Quality & Six Sigma,ASQ quality core,Build,C,long tail,20,1,5,2,4,4,1,3,Later,long tail: agile-business
288,ASQ CSSYB,,Quality & Six Sigma,Lean Six Sigma,Build,C,long tail,20,1,4,3,4,4,1,3,Tag in LSS family,long tail: agile-business
289,AWS AI Practitioner,AIF-C01,AWS,AWS,Skip or wait,,medium,20,4,2,2,4,3,3,2,"Skip: served by AWSomecards 280+, Brainscape, AnkiWeb 293-note deck",first pass: cloud
290,AWS Cloud Practitioner,CLF-C02,AWS,AWS,Skip or wait,,head,20,5,1,2,4,4,3,1,"Skip: saturated (AWSomecards free, Procensic 1,521-note AnkiWeb, Brainscape, Crucial)",first pass: cloud
291,AWS CloudOps Engineer Associate,SOA-C03,AWS,AWS,Skip or wait,,long tail,20,2,2,2,4,4,3,3,Skip: AWSomecards covers it; low deck demand,first pass: cloud
292,Accelerating Sales Pipelines with AI in D365,AB-210,Microsoft,MS-PowerDyn,Build,C,long tail,20,1,4,3,4,2,2,4,Later,long tail: cloud-platform
293,Associate Google Workspace Administrator,-,Google Cloud,Google,Build,C,long tail,20,1,4,2,4,3,2,4,Later,long tail: cloud-platform
294,CDR Registration Examination for Dietitians (RD); lightly researched,,Allied health,Allied health,Build,C,long tail,20,2,4,2,3,3,3,3,,long tail: data-dev-health-other
295,CFA Level III,2027 curriculum (new PSM only),CFA,CFA,Partnership first,,medium,20,3,4,2,1,4,3,3,Same restriction as L1/L2.,first pass: finance
296,CIPP/CN (IAPP),"BoK v1.0.0, eff. 3 Jun 2024",Privacy (IAPP),Privacy law,Build,C,long tail,20,1,5,2,4,4,1,3,Chinese law reuse and translations not verified.,long tail: security-privacy
297,CND (EC-Council),"v3, exam 312-38, 100 Q / 4 h",EC-Council,EC-Council,Build,C,long tail,20,1,5,4,3,3,1,3,,long tail: security-privacy
298,Cisco CCNA,200-301 v1.1,Cisco,Cisco,Partnership first,,head,20,5,1,4,3,3,2,2,Demand is real but already served free by Jeremy's IT Lab and a +268-rated AnkiWeb deck.,first pass: security
299,CompTIA PenTest+,PT0-003 (V3),CompTIA,CompTIA,Partnership first,,long tail,20,2,4,4,1,3,2,4,"Low deck demand, and CompTIA rules apply.",first pass: security
300,CompTIA Security+,SY0-701 → SY0-801 (V8) on 17 Nov 2026,CompTIA,CompTIA,Partnership first,,head,20,5,2,4,1,2,4,2,"Biggest audience and a V8 launch window, but the most crowded field and the riskiest rules.",first pass: security
301,CompTIA SecurityX (ex-CASP+),CAS-005 (V5),Actuarial (SOA/CAS),Actuarial,Partnership first,,long tail,20,2,4,4,1,3,2,4,Same as PenTest+.,first pass: security
302,Contact Center Experiences with AI in D365,AB-250,Microsoft,MS-PowerDyn,Build,C,long tail,20,1,4,3,4,2,2,4,Later,long tail: cloud-platform
303,Designing and Implementing Multi-Agent AI Solutions,AI-500 (beta),Microsoft,MS-AI,Skip or wait,,long tail,20,1,4,3,4,1,3,4,Wait,long tail: cloud-platform
304,DevNet Associate (Cisco),DEVASC 200-901 v1.1,Cisco,Cisco,Partnership first,,long tail,20,2,4,3,3,3,2,3,Current name and version nv.,long tail: security-privacy
305,FCC Marine Radio Operator Permit (Element 1 only),,FCC radio,FCC-Commercial,Build,C,long tail,20,2,4,3,4,3,2,2,,long tail: government-public
306,IIBA CBAP,,BABOK,BABOK,Partnership first,,long tail,20,2,4,2,2,3,3,4,Partnership first,long tail: agile-business
307,IIBA ECBA,,BABOK,BABOK,Partnership first,,long tail,20,2,4,2,2,3,3,4,Partnership first,long tail: agile-business
308,IIBA-CCA,,BABOK + security,BABOK + security,Partnership first,,long tail,20,1,5,3,2,3,2,4,Partnership first,long tail: agile-business
309,INFORMS CAP (now CAP-Essentials / Pro / Expert),,Data,Data,Build,C,long tail,20,1,5,2,3,2,3,4,,long tail: data-dev-health-other
310,LEED Green Associate,,Building / green,Building / green,Build,C,medium,20,3,4,2,3,2,3,3,,long tail: data-dev-health-other
311,Model Context Protocol Associate,MCPA,LF-other,LF-other,Build,C,long tail,20,1,4,2,4,2,3,4,Later,long tail: cloud-platform
312,OSCP+ (OffSec),"PEN-200, 24 h practical",Hands-on,Hands-on,Build,C,long tail,20,1,3,4,3,4,2,3,,long tail: security-privacy
313,PCEP Certified Entry-Level Python Programmer,PCEP-30-02 (30-03 in development),PythonInst,PythonInst,Build,C,long tail,20,2,4,3,3,2,2,4,Later,long tail: cloud-platform
314,PCPP1 / PCPP2 Professional,PCPP1 / PCPP2-32-0x,PythonInst,PythonInst,Skip or wait,,long tail,20,1,4,3,3,3,2,4,Skip for now,long tail: cloud-platform
315,PMI-ACP,,PMI,PMI,Partnership first,,long tail,20,2,4,3,2,4,2,3,,first pass: project-business
316,Power Platform Developer,PL-400 -> AB-400 (from 2026-10-16),Microsoft,MS-PowerDyn,Skip or wait,,long tail,20,1,4,3,4,1,3,4,Skip PL-400,long tail: cloud-platform
317,Professional Agentic Architect,(Beta),Google Cloud,Google,Skip or wait,,long tail,20,1,4,4,4,1,2,4,Wait,long tail: cloud-platform
318,Red Hat Certified System Administrator,EX200 (RHEL 10),RedHat,RedHat,Build,C,long tail,20,2,4,2,3,3,3,3,Later (prior),long tail: cloud-platform
319,Scrum.org PSFS,,Facilitation (no open source),Facilitation (no open source),Skip or wait,,long tail,20,1,5,1,4,5,1,3,Skip,long tail: agile-business
320,Scrum.org PSPO III,,Scrum & Kanban (open guides),Scrum Guide,Skip or wait,,long tail,20,1,5,2,4,5,1,2,Skip: essay exam,long tail: agile-business
321,Tableau (Salesforce Certified Tableau Data Analyst),,Data,Data,Skip (terms forbid derivative use),,long tail,20,2,4,3,3,2,2,4,,long tail: data-dev-health-other
322,Vault Operations Professional,(code not captured),HashiCorp,HashiCorp,Skip or wait,,long tail,20,1,4,3,3,3,2,4,Skip for now,long tail: cloud-platform
323,iSAQB CPSA-F (software architecture),,Software testing & requirements,Software engineering,Build,C,long tail,20,2,5,2,1,4,2,4,,long tail: data-dev-health-other
324,ASQ CFSQA (HACCP auditor),,Quality & Six Sigma,ASQ regulated,Build,D,long tail,19,1,5,2,4,3,1,3,Later,long tail: agile-business
325,ASQ CMBB,,Quality & Six Sigma,Lean Six Sigma,Skip or wait,,long tail,19,1,5,2,4,4,1,2,Skip: performance-based part,long tail: agile-business
326,ATA translation certification (performance exam),,Language,Language,Build,D,long tail,19,1,5,1,3,4,2,3,,long tail: data-dev-health-other
327,"CII (UK, R01-type regulation units)",not verified,UK FCA,UK FCA,Build,D,long tail,19,2,3,4,2,3,2,3,,long tail: finance-regulatory
328,"CISI (UK, e.g. regulation papers)","40,000+ exams a year",UK FCA,UK FCA,Build,D,medium,19,3,3,3,2,3,2,3,,long tail: finance-regulatory
329,DAMA CDMP (DMBOK-based),,Data management,Data management,Build,D,long tail,19,2,4,1,3,3,3,3,,long tail: data-dev-health-other
330,Databricks Data Engineer Associate,DEA (guide May 2026),Databricks,Databricks,Skip (terms forbid derivative use),,long tail,19,2,5,1,3,2,2,4,Avoid for now: no Anki supply but docs forbid derivative works and blueprint just restructured,first pass: cloud
331,Docker Certified Associate,"DCA (study guide v1.5, Jan 2025)",Docker/Mirantis,Docker/Mirantis,Skip or wait,,long tail,19,1,4,3,3,2,2,4,Skip for now,long tail: cloud-platform
332,FAA Sport Pilot (after the MOSAIC changes),,FAA aviation,FAA-Airman-ACS,Build,D,long tail,19,1,4,4,4,2,2,2,,long tail: government-public
333,HDI Customer Service Rep / Desktop Support Technician,,IT service,IT service,Build,D,long tail,19,1,5,1,3,3,2,4,,long tail: data-dev-health-other
334,IIBA CCBA,,BABOK,BABOK,Partnership first,,long tail,19,1,5,2,2,3,2,4,Partnership first,long tail: agile-business
335,IIBA-AAC,,Agile Extension to BABOK,Agile Extension to BABOK,Partnership first,,long tail,19,1,5,2,2,3,2,4,Partnership first,long tail: agile-business
336,IIBA-CBDA,,Guide to Business Data Analytics,Guide to Business Data Analytics,Partnership first,,long tail,19,1,5,2,2,3,2,4,Partnership first,long tail: agile-business
337,ISO/IEC 27001 Lead Auditor (PECB),,ISO management,ISO management,Build,D,long tail,19,2,4,1,3,4,2,3,As LI.,long tail: security-privacy
338,ISO/IEC 27001 Lead Implementer (PECB),Handbook v1.5,ISO management,ISO management,Build,D,long tail,19,2,4,1,3,4,2,3,"The ISO text is paywalled, and the exam is open-book with the standard allowed.",long tail: security-privacy
339,Microsoft 365 Administrator,MS-102 (retires 2026-11-30),Microsoft,MS-365,Skip or wait,,long tail,19,1,4,3,4,1,3,3,Skip,long tail: cloud-platform
340,MongoDB certifications (catalogue not captured),not verified,MongoDB,MongoDB,Skip or wait,,long tail,19,1,4,2,3,3,2,4,Skip for now,long tail: cloud-platform
341,NCLEX-RN / NCLEX-PN (licensure; for completeness),,Nursing (skip),Nursing (skip),Build,D,head,19,5,1,2,3,5,2,1,,long tail: data-dev-health-other
342,PMI CAPM,,PMI,PMI,Partnership first,,medium,19,3,3,2,2,3,3,3,,first pass: project-business
343,PRINCE2 7 Foundation,,PeopleCert,PeopleCert,Partnership first,,medium,19,3,4,1,1,4,2,4,,first pass: project-business
344,Real-estate salesperson licence (state exams); lightly researched,,Real estate,Real estate,Build,D,medium,19,3,3,3,3,3,2,2,,first pass: data-actuarial-health
345,SCOR (Cisco),350-701 v1.1,Cisco,Cisco,Partnership first,,long tail,19,2,4,2,3,3,2,3,Product-specific; closed docs.,long tail: security-privacy
346,SHRM-CP / SHRM-SCP,,HR,HR,Partnership first,,medium,19,4,3,3,1,2,3,3,,first pass: project-business
347,SOA ATPA,,Actuarial (SOA/CAS),Actuarial,Build,D,long tail,19,1,4,2,4,3,2,3,,long tail: data-dev-health-other
348,Salesforce Platform Administrator,Platform Administrator,Salesforce,Salesforce,Skip (terms forbid derivative use),,medium,19,3,4,1,2,3,3,3,Avoid: Program Terms make Trailhead learning content confidential/non-commercial,first pass: cloud
349,Scrum.org PPDV,,Product discovery (no open source),Product discovery (no open source),Skip or wait,,long tail,19,1,5,1,4,4,1,3,Skip,long tail: agile-business
350,TOGAF Enterprise Architecture Foundation (OGEA-101),,Enterprise architecture,Enterprise architecture,Build,D,medium,19,3,4,2,2,3,2,3,,long tail: data-dev-health-other
351,AAPC CPC (medical coding),,Medical coding,Medical coding,Partnership first,,medium,18,3,4,1,2,2,3,3,,first pass: data-actuarial-health
352,AFP CTP / FPAC,3-year recertification,Treasury,Treasury,Build,D,long tail,18,2,3,2,3,3,2,3,,long tail: finance-regulatory
353,AHIMA CCS,,Medical coding,Medical coding,Partnership first,,long tail,18,2,4,2,3,2,2,3,,first pass: data-actuarial-health
354,ASCM CPIM / CSCP / CLTD,,Supply chain,Supply chain,Build,D,long tail,18,2,4,1,2,3,2,4,,first pass: project-business
355,AWS Developer Associate,DVA-C02 -> DVA-C03 (2026-10-27),AWS,AWS,Skip or wait,,medium,18,3,2,2,4,1,3,3,Wait: DVA-C02 ends 2026-12-01; reassess for C03 vs AWSomecards,first pass: cloud
356,AWS Security Specialty,SCS-C03,AWS,AWS,Skip or wait,,long tail,18,2,1,2,4,4,3,2,"Skip: AWSomecards 400+, Crucial 220, and a 426-card deck 'checked current Aug 2026' on GitHub",first pass: cloud
357,CBCI (BCI),CBCI 7.0 on GPG 7.0,ISO management,ISO management,Build,D,long tail,18,2,5,1,2,3,2,3,"GPG is members-only or paid, and the course is mandatory.",long tail: security-privacy
358,CFA Level I,2027 curriculum; ~25% of L1 revised,CFA,CFA,Partnership first,,head,18,5,3,2,1,2,3,2,"Biggest demand. CFA's own LES flashcards, the LOS restriction and 2027 churn make it the worst fit for now.",first pass: finance
359,CHFI (EC-Council),"312-49, 150 Q / 4 h",EC-Council,EC-Council,Build,D,long tail,18,1,4,3,3,3,1,3,,long tail: security-privacy
360,CIMA (CGMA PQ),2026 upgrade; case studies from May 2026,Accounting bodies,Accounting bodies,Build,D,long tail,18,2,3,2,3,2,3,3,Low Anki demand and recent churn.,first pass: finance
361,CIPS (Level 4 Diploma),,Supply chain,Supply chain,Build,D,long tail,18,2,4,1,2,3,2,4,,first pass: project-business
362,CNA (state nurse-aide exams),,Allied health,Allied health,Build,D,long tail,18,2,3,2,3,3,2,3,,long tail: data-dev-health-other
363,Elastic Certified Engineer / Analyst / Observability / SIEM,not captured,Elastic,Elastic,Skip or wait,,long tail,18,1,4,1,3,3,2,4,Skip,long tail: cloud-platform
364,Electrician journeyman/master (NEC-based state exams),,Government safety & trades,Trades,Build,D,medium,18,3,4,1,2,3,2,3,,long tail: data-dev-health-other
365,ICAgile ICP (Agile Fundamentals),,Agile Manifesto,Agile Manifesto,Not a deck target,,long tail,18,1,4,2,3,4,1,3,"Skip: course-based, no exam seen",long tail: agile-business
366,IIBA-CPOA,,BABOK / product ownership,BABOK / product ownership,Partnership first,,long tail,18,1,5,2,2,3,1,4,Partnership first,long tail: agile-business
367,Juniper JNCIA-Junos,JN0-106,Audit (IIA),Audit (IIA),Build,D,long tail,18,1,4,3,3,3,1,3,Low demand.,first pass: security
368,NASM CPT,,Fitness,Fitness,Build,D,medium,18,4,3,1,3,3,2,2,,first pass: data-actuarial-health
369,NCCPA PANCE (licensure-adjacent),,Medical (skip),Medical (skip),Build,D,medium,18,3,2,2,3,4,2,2,,long tail: data-dev-health-other
370,Scrum Alliance A-CSM,,—,—,Not a deck target,,long tail,18,1,3,3,4,4,1,2,Skip: no exam (course plus experience),long tail: agile-business
371,Scrum Alliance CSP-SM,,—,—,Not a deck target,,long tail,18,1,3,3,4,4,1,2,Skip: no exam (course plus experience),long tail: agile-business
372,SnowPro Core,COF-C03,Snowflake,Snowflake,Skip or wait,,long tail,18,1,5,1,3,3,1,4,Avoid: no demand signal; site terms forbid derivative works,first pass: cloud
373,ACE Personal Trainer,,Fitness,Fitness,Build,D,medium,17,3,3,1,3,3,2,2,,first pass: data-actuarial-health
374,AWS Solutions Architect Professional,SAP-C02 -> SAP-C03 (2026-10-27),AWS,AWS,Skip or wait,,long tail,17,2,2,2,4,1,3,3,Wait: SAP-C02 ends 2026-11-17,first pass: cloud
375,CAIA,2026 curriculum; revised every October,CAIA,CAIA,Build,D,long tail,17,2,4,1,2,2,2,4,Only licensed providers get the curriculum. Low demand.,first pass: finance
376,CFE (ACFE),New 3-section exam launched 2 Jun 2026,Fraud (ACFE),Fraud (ACFE),Build,D,long tail,17,1,2,2,3,4,2,3,"The official prep course has ~800 flashcards, and the source (Fraud Examiners Manual) is paid.",first pass: finance
377,Google Data Analytics Professional Certificate,,Google Cloud,Google Cloud,Build,D,long tail,17,2,3,2,3,2,2,3,,first pass: data-actuarial-health
378,Oracle OCI certifications (catalogue not captured),not verified,Oracle,Oracle,Skip or wait,,long tail,17,2,4,1,2,3,2,3,Skip,long tail: cloud-platform
379,"AHA BLS / ACLS / PALS (course cards, not a proctored exam)",,Resuscitation (skip),Resuscitation (skip),Build,D,medium,16,3,3,1,2,3,2,2,,long tail: data-dev-health-other
380,IBM Data Science Professional Certificate,,Data certificates,Data certificates,Build,D,long tail,16,1,3,2,3,2,2,3,,first pass: data-actuarial-health
381,Kanban University KMP,,KU (all rights reserved),KU (all rights reserved),Not a deck target,,long tail,16,1,4,1,2,4,1,3,Skip: course-based credential,long tail: agile-business
382,NSCA CSCS; lightly researched,,Fitness,Fitness,Build,D,long tail,16,2,3,1,3,3,2,2,,first pass: data-actuarial-health
383,PMI-PBA,,PMI (licence),PMI (licence),Partnership first,,long tail,16,1,4,2,1,3,2,3,Partnership-first note,long tail: agile-business
384,PMI-RMP,,PMI,PMI,Partnership first,,long tail,16,1,4,2,2,3,1,3,,first pass: project-business
385,PMI-SP,,PMI (licence),PMI (licence),Partnership first,,long tail,16,1,5,2,1,3,1,3,Partnership-first note,long tail: agile-business
386,Scrum.org PSM-AI Essentials,,—,—,Not a deck target,,long tail,16,1,5,1,4,2,1,2,Skip: course students only,long tail: agile-business
387,Scrum.org PSPO-AI Essentials,,—,—,Not a deck target,,long tail,16,1,5,1,4,2,1,2,Skip: course students only,long tail: agile-business
388,PMI PfMP,,PMI (licence),PMI (licence),Partnership first,,long tail,15,1,5,1,1,3,1,3,Partnership-first note,long tail: agile-business
389,PMI PgMP,,PMI (licence),PMI (licence),Partnership first,,long tail,15,1,4,1,1,3,2,3,Partnership-first note,long tail: agile-business
390,PeopleCert ITIL 4 Foundation,ITIL 4 (sunset 31 Dec 2027) → ITIL (Version 5),PeopleCert,PeopleCert,Partnership first,,medium,15,3,3,1,2,1,2,3,"Being replaced by ITIL (Version 5), and the framework is proprietary.",first pass: security
391,SAFe Agilist,,SAFe,SAFe,Partnership first,,medium,15,4,3,1,1,2,1,3,,first pass: project-business
392,PMI-PMOCP,,PMI (licence),PMI (licence),Partnership first,,long tail,14,1,5,1,1,2,1,3,Partnership-first note,long tail: agile-business
